[
    {
        "id": "b67b0c68cbd41a6c",
        "type": "tab",
        "label": "Flow 1",
        "disabled": false,
        "info": "",
        "env": []
    },
    {
        "id": "c15b664687299b5e",
        "type": "ui_group",
        "name": "Default",
        "tab": "a93e668a1c0fc918",
        "order": 1,
        "disp": true,
        "width": "6",
        "collapse": false
    },
    {
        "id": "a93e668a1c0fc918",
        "type": "ui_tab",
        "name": "Smart Home",
        "icon": "dashboard",
        "disabled": false,
        "hidden": false
    },
    {
        "id": "672094322e80cb90",
        "type": "ui_base",
        "theme": {
            "name": "theme-light",
            "lightTheme": {
                "default": "#0094CE",
                "baseColor": "#0094CE",
                "baseFont": "-apple-system,BlinkMacSystemFont,Segoe UI,Roboto,Oxygen-Sans,Ubuntu,Cantarell,Helvetica Neue,sans-serif",
                "edited": true,
                "reset": false
            },
            "darkTheme": {
                "default": "#097479",
                "baseColor": "#097479",
                "baseFont": "-apple-system,BlinkMacSystemFont,Segoe UI,Roboto,Oxygen-Sans,Ubuntu,Cantarell,Helvetica Neue,sans-serif",
                "edited": false
            },
            "customTheme": {
                "name": "Untitled Theme 1",
                "default": "#4B7930",
                "baseColor": "#4B7930",
                "baseFont": "-apple-system,BlinkMacSystemFont,Segoe UI,Roboto,Oxygen-Sans,Ubuntu,Cantarell,Helvetica Neue,sans-serif"
            },
            "themeState": {
                "base-color": {
                    "default": "#0094CE",
                    "value": "#0094CE",
                    "edited": false
                },
                "page-titlebar-backgroundColor": {
                    "value": "#0094CE",
                    "edited": false
                },
                "page-backgroundColor": {
                    "value": "#fafafa",
                    "edited": false
                },
                "page-sidebar-backgroundColor": {
                    "value": "#ffffff",
                    "edited": false
                },
                "group-textColor": {
                    "value": "#1bbfff",
                    "edited": false
                },
                "group-borderColor": {
                    "value": "#ffffff",
                    "edited": false
                },
                "group-backgroundColor": {
                    "value": "#ffffff",
                    "edited": false
                },
                "widget-textColor": {
                    "value": "#111111",
                    "edited": false
                },
                "widget-backgroundColor": {
                    "value": "#0094ce",
                    "edited": false
                },
                "widget-borderColor": {
                    "value": "#ffffff",
                    "edited": false
                },
                "base-font": {
                    "value": "-apple-system,BlinkMacSystemFont,Segoe UI,Roboto,Oxygen-Sans,Ubuntu,Cantarell,Helvetica Neue,sans-serif"
                }
            },
            "angularTheme": {
                "primary": "indigo",
                "accents": "blue",
                "warn": "red",
                "background": "grey",
                "palette": "light"
            }
        },
        "site": {
            "name": "Node-RED Dashboard",
            "hideToolbar": "false",
            "allowSwipe": "false",
            "lockMenu": "false",
            "allowTempTheme": "true",
            "dateFormat": "DD/MM/YYYY",
            "sizes": {
                "sx": 48,
                "sy": 48,
                "gx": 6,
                "gy": 6,
                "cx": 6,
                "cy": 6,
                "px": 0,
                "py": 0
            }
        }
    },
    {
        "id": "2453f6a8c0a6977a",
        "type": "MySQLdatabase",
        "name": "Database Access",
        "host": "127.0.0.1",
        "port": "3306",
        "db": "ep0403",
        "tz": "",
        "charset": "UTF8"
    },
    {
        "id": "1e08c4aa724aa94a",
        "type": "exec",
        "z": "b67b0c68cbd41a6c",
        "command": "py -3.9",
        "addpay": "",
        "append": "C:\\Users\\User\\AppData\\Local\\Programs\\Python\\ciot\\ciot_detect.py",
        "useSpawn": "true",
        "timer": "",
        "winHide": false,
        "oldrc": false,
        "name": "Run Detector/Camera",
        "x": 1180,
        "y": 780,
        "wires": [
            [],
            [],
            []
        ]
    },
    {
        "id": "48e163b7789cea0f",
        "type": "inject",
        "z": "b67b0c68cbd41a6c",
        "name": "Start camera",
        "props": [
            {
                "p": "payload"
            },
            {
                "p": "topic",
                "vt": "str"
            }
        ],
        "repeat": "",
        "crontab": "",
        "once": false,
        "onceDelay": 0.1,
        "topic": "",
        "payload": "",
        "payloadType": "date",
        "x": 170,
        "y": 260,
        "wires": [
            []
        ]
    },
    {
        "id": "f1b64aaaf6e971de",
        "type": "switch",
        "z": "b67b0c68cbd41a6c",
        "name": "Camera Response",
        "property": "payload",
        "propertyType": "msg",
        "rules": [
            {
                "t": "cont",
                "v": "kimberly",
                "vt": "str"
            },
            {
                "t": "cont",
                "v": "steve",
                "vt": "str"
            },
            {
                "t": "cont",
                "v": "rushh",
                "vt": "str"
            },
            {
                "t": "cont",
                "v": "nknown",
                "vt": "str"
            },
            {
                "t": "cont",
                "v": "/vid",
                "vt": "str"
            }
        ],
        "checkall": "true",
        "repair": false,
        "outputs": 5,
        "x": 790,
        "y": 260,
        "wires": [
            [
                "ad12a3067406930c",
                "37975207b619beb0",
                "0cb742d1524b2956"
            ],
            [
                "ad12a3067406930c",
                "37975207b619beb0",
                "0cb742d1524b2956"
            ],
            [
                "37975207b619beb0",
                "0cb742d1524b2956"
            ],
            [
                "e5470cc019ec2553",
                "ad12a3067406930c",
                "414f16db9876b248"
            ],
            [
                "0d441f92a17915a3",
                "ad12a3067406930c"
            ]
        ]
    },
    {
        "id": "484f4969e7d8b025",
        "type": "trigger",
        "z": "b67b0c68cbd41a6c",
        "name": "Wait 10 mins",
        "op1": "",
        "op2": "0",
        "op1type": "pay",
        "op2type": "str",
        "duration": "10",
        "extend": false,
        "overrideDelay": false,
        "units": "min",
        "reset": "",
        "bytopic": "all",
        "topic": "topic",
        "outputs": 1,
        "x": 1730,
        "y": 280,
        "wires": [
            [
                "9750482ce0dae466"
            ]
        ]
    },
    {
        "id": "e5470cc019ec2553",
        "type": "function",
        "z": "b67b0c68cbd41a6c",
        "name": "Prepare email",
        "func": "msg.topic=\"Intruder Alert\";\nmsg.payload=\"Unknown Person. Intruder has been detected @\"+new Date().toString();;\n\nreturn msg;",
        "outputs": 1,
        "timeout": "",
        "noerr": 0,
        "initialize": "",
        "finalize": "",
        "libs": [],
        "x": 1460,
        "y": 280,
        "wires": [
            [
                "484f4969e7d8b025"
            ]
        ]
    },
    {
        "id": "25dc29accc4d999a",
        "type": "function",
        "z": "b67b0c68cbd41a6c",
        "name": "Send to MySQL",
        "func": "msg.topic=\"INSERT INTO sensors (sensor, value) values ('camera', '\"+msg.payload+\"')\";\nreturn msg;",
        "outputs": 1,
        "timeout": "",
        "noerr": 0,
        "initialize": "",
        "finalize": "",
        "libs": [],
        "x": 1520,
        "y": 360,
        "wires": [
            [
                "753675bde0b1f34e"
            ]
        ]
    },
    {
        "id": "753675bde0b1f34e",
        "type": "trigger",
        "z": "b67b0c68cbd41a6c",
        "name": "Wait 5 seconds",
        "op1": "",
        "op2": "",
        "op1type": "pay",
        "op2type": "str",
        "duration": "20",
        "extend": false,
        "overrideDelay": false,
        "units": "s",
        "reset": "",
        "bytopic": "all",
        "topic": "topic",
        "outputs": 1,
        "x": 1720,
        "y": 360,
        "wires": [
            [
                "78b2a02b981f8ca9"
            ]
        ]
    },
    {
        "id": "6aa70ec0.23d8b",
        "type": "inject",
        "z": "b67b0c68cbd41a6c",
        "name": "Every 1 sec",
        "props": [
            {
                "p": "payload"
            },
            {
                "p": "topic",
                "vt": "str"
            }
        ],
        "repeat": "1",
        "crontab": "",
        "once": false,
        "onceDelay": 0.1,
        "topic": "",
        "payload": "",
        "payloadType": "date",
        "x": 750,
        "y": 580,
        "wires": [
            [
                "f9b15f7a.16f9"
            ]
        ]
    },
    {
        "id": "f9b15f7a.16f9",
        "type": "function",
        "z": "b67b0c68cbd41a6c",
        "name": " rpi-dht22 simulate",
        "func": "function getRandomInt(min, max) {\n  min = Math.ceil(min);\n  max = Math.floor(max);\n  return Math.floor(Math.random() * (max - min) + min); //The maximum is exclusive and the minimum is inclusive\n}\n\nmsg.payload = getRandomInt(20, 30); //get temperature reading\nmsg.humidity = getRandomInt(40, 80); //get humidity reading\nreturn msg;",
        "outputs": 1,
        "noerr": 0,
        "initialize": "",
        "finalize": "",
        "x": 950,
        "y": 580,
        "wires": [
            [
                "84e38aa7.1d1fd8",
                "22ce648d.ec1d2c",
                "93248f93045673a5"
            ]
        ]
    },
    {
        "id": "93248f93045673a5",
        "type": "function",
        "z": "b67b0c68cbd41a6c",
        "name": "Prepare sending data to ThingSpeak",
        "func": "var temp = {\ntopic: \"Temperature\",\npayload: msg.payload\n};\nvar humi = {\ntopic: \"Humidity\",\npayload: msg.humidity\n};\nreturn [[temp,humi]];",
        "outputs": 1,
        "timeout": "",
        "noerr": 0,
        "initialize": "",
        "finalize": "",
        "libs": [],
        "x": 1030,
        "y": 640,
        "wires": [
            [
                "ce14c87e33f6ef0b"
            ]
        ]
    },
    {
        "id": "e6a62a5d747c6944",
        "type": "ui_text",
        "z": "b67b0c68cbd41a6c",
        "group": "c15b664687299b5e",
        "order": 0,
        "width": 0,
        "height": 0,
        "name": "",
        "label": "Detected Person",
        "format": "{{msg.payload}}",
        "layout": "row-spread",
        "className": "",
        "style": false,
        "font": "",
        "fontSize": "",
        "color": "#000000",
        "x": 1210,
        "y": 340,
        "wires": []
    },
    {
        "id": "22ce648d.ec1d2c",
        "type": "ui_gauge",
        "z": "b67b0c68cbd41a6c",
        "name": "Temperature Gauge",
        "group": "c15b664687299b5e",
        "order": 0,
        "width": 0,
        "height": 0,
        "gtype": "gage",
        "title": "Temperature Gauge",
        "label": "degreeC",
        "format": "{{msg.payload}}",
        "min": "20",
        "max": "30",
        "colors": [
            "#00b500",
            "#e6e600",
            "#ca3838"
        ],
        "seg1": "24",
        "seg2": "28",
        "diff": false,
        "className": "",
        "x": 1180,
        "y": 600,
        "wires": []
    },
    {
        "id": "84e38aa7.1d1fd8",
        "type": "ui_gauge",
        "z": "b67b0c68cbd41a6c",
        "name": "Humidity Gauge",
        "group": "c15b664687299b5e",
        "order": 0,
        "width": 0,
        "height": 0,
        "gtype": "gage",
        "title": "Humidity Gauge",
        "label": "%",
        "format": "{{msg.humidity}}",
        "min": 0,
        "max": "100",
        "colors": [
            "#00b500",
            "#e6e600",
            "#ca3838"
        ],
        "seg1": "50",
        "seg2": "80",
        "diff": false,
        "className": "",
        "x": 1180,
        "y": 560,
        "wires": []
    },
    {
        "id": "78b2a02b981f8ca9",
        "type": "mysql",
        "z": "b67b0c68cbd41a6c",
        "mydb": "2453f6a8c0a6977a",
        "name": "MySQL Database Configuration",
        "x": 1950,
        "y": 320,
        "wires": [
            []
        ]
    },
    {
        "id": "ce14c87e33f6ef0b",
        "type": "thingspeak42",
        "z": "b67b0c68cbd41a6c",
        "name": "Send to Thingspeak",
        "delay": "15",
        "topic1": "Temperature",
        "topic2": "Humidity",
        "topic3": "",
        "topic4": "",
        "topic5": "",
        "topic6": "",
        "topic7": "",
        "topic8": "",
        "endpoint": "https://thingspeak.com/",
        "x": 1300,
        "y": 640,
        "wires": []
    },
    {
        "id": "9750482ce0dae466",
        "type": "e-mail",
        "z": "b67b0c68cbd41a6c",
        "server": "smtp.gmail.com",
        "port": "465",
        "authtype": "BASIC",
        "saslformat": false,
        "token": "",
        "secure": true,
        "tls": true,
        "name": "happysad1710@gmail.com",
        "dname": "Send Email",
        "x": 1870,
        "y": 280,
        "wires": []
    },
    {
        "id": "2c4e17fcca4aa9b6",
        "type": "exec",
        "z": "b67b0c68cbd41a6c",
        "command": "py",
        "addpay": "",
        "append": "C:\\Users\\User\\AppData\\Local\\Programs\\Python\\ciot\\hello.py",
        "useSpawn": "true",
        "timer": "",
        "winHide": false,
        "oldrc": false,
        "name": "Find the file dangit",
        "x": 1550,
        "y": 1240,
        "wires": [
            [
                "317d477cd5987b8d"
            ],
            [],
            []
        ]
    },
    {
        "id": "317d477cd5987b8d",
        "type": "debug",
        "z": "b67b0c68cbd41a6c",
        "name": "DEBUG3",
        "active": false,
        "tosidebar": true,
        "console": false,
        "tostatus": false,
        "complete": "true",
        "targetType": "full",
        "statusVal": "",
        "statusType": "auto",
        "x": 1740,
        "y": 1240,
        "wires": []
    },
    {
        "id": "4b40727169608caf",
        "type": "exec",
        "z": "b67b0c68cbd41a6c",
        "command": "py -3.9",
        "addpay": "",
        "append": "C:\\Users\\User\\AppData\\Local\\Programs\\Python\\ciot\\ciothello.py",
        "useSpawn": "true",
        "timer": "",
        "winHide": false,
        "oldrc": false,
        "name": "Rebuilding",
        "x": 1550,
        "y": 1300,
        "wires": [
            [
                "2e86fa05957b59c6"
            ],
            [],
            []
        ]
    },
    {
        "id": "2e86fa05957b59c6",
        "type": "debug",
        "z": "b67b0c68cbd41a6c",
        "name": "DEBUG4",
        "active": true,
        "tosidebar": true,
        "console": false,
        "tostatus": false,
        "complete": "payload",
        "targetType": "msg",
        "statusVal": "",
        "statusType": "auto",
        "x": 1720,
        "y": 1300,
        "wires": []
    },
    {
        "id": "30dfe1b061db65e4",
        "type": "exec",
        "z": "b67b0c68cbd41a6c",
        "command": "py -3.9",
        "addpay": "",
        "append": "C:\\Users\\User\\AppData\\Local\\Programs\\Python\\ciot\\run_alarm.py",
        "useSpawn": "true",
        "timer": "",
        "winHide": false,
        "oldrc": false,
        "name": "\"Buzzer\"",
        "x": 1860,
        "y": 240,
        "wires": [
            [],
            [],
            []
        ]
    },
    {
        "id": "215b6c7f3da2762b",
        "type": "debug",
        "z": "b67b0c68cbd41a6c",
        "name": "🚪",
        "active": true,
        "tosidebar": true,
        "console": false,
        "tostatus": false,
        "complete": "payload",
        "targetType": "msg",
        "statusVal": "",
        "statusType": "auto",
        "x": 1810,
        "y": 40,
        "wires": []
    },
    {
        "id": "115ab2600953378e",
        "type": "inject",
        "z": "b67b0c68cbd41a6c",
        "name": "Trigger PIR",
        "props": [
            {
                "p": "payload"
            }
        ],
        "repeat": "",
        "crontab": "",
        "once": false,
        "onceDelay": 0.1,
        "topic": "",
        "payload": "1",
        "payloadType": "str",
        "x": 190,
        "y": 40,
        "wires": [
            [
                "abac808cf4d37daf"
            ]
        ]
    },
    {
        "id": "abac808cf4d37daf",
        "type": "switch",
        "z": "b67b0c68cbd41a6c",
        "name": "Check PIR",
        "property": "payload",
        "propertyType": "msg",
        "rules": [
            {
                "t": "cont",
                "v": "1",
                "vt": "str"
            },
            {
                "t": "cont",
                "v": "0",
                "vt": "str"
            }
        ],
        "checkall": "true",
        "repair": false,
        "outputs": 2,
        "x": 450,
        "y": 60,
        "wires": [
            [
                "d2891f0a56c6efd4",
                "1548acce60c6e654"
            ],
            [
                "c166257a1d682492"
            ]
        ]
    },
    {
        "id": "714812d3deb9a636",
        "type": "inject",
        "z": "b67b0c68cbd41a6c",
        "name": "Trigger Unknown",
        "props": [
            {
                "p": "payload"
            }
        ],
        "repeat": "",
        "crontab": "",
        "once": true,
        "onceDelay": 0.1,
        "topic": "",
        "payload": "Unknown",
        "payloadType": "str",
        "x": 170,
        "y": 220,
        "wires": [
            [
                "776d93171b4fdb55"
            ]
        ]
    },
    {
        "id": "b53c9c99f15d11d0",
        "type": "function",
        "z": "b67b0c68cbd41a6c",
        "name": "Door",
        "func": "msg.payload=\"Open Door\";\nreturn msg;",
        "outputs": 1,
        "timeout": "",
        "noerr": 0,
        "initialize": "",
        "finalize": "",
        "libs": [],
        "x": 1710,
        "y": 40,
        "wires": [
            [
                "215b6c7f3da2762b"
            ]
        ]
    },
    {
        "id": "a5d77132db8e1fae",
        "type": "debug",
        "z": "b67b0c68cbd41a6c",
        "name": "Debug",
        "active": false,
        "tosidebar": true,
        "console": true,
        "tostatus": true,
        "complete": "payload",
        "targetType": "msg",
        "statusVal": "payload",
        "statusType": "auto",
        "x": 680,
        "y": 1220,
        "wires": []
    },
    {
        "id": "1c7bfadbfadd67f8",
        "type": "inject",
        "z": "b67b0c68cbd41a6c",
        "name": "Toggle Button",
        "props": [
            {
                "p": "payload"
            },
            {
                "p": "topic",
                "vt": "str"
            }
        ],
        "repeat": "",
        "crontab": "",
        "once": false,
        "onceDelay": 0.1,
        "topic": "control",
        "payload": "toggle",
        "payloadType": "str",
        "x": 110,
        "y": 1200,
        "wires": [
            [
                "c0e53d130c8df5a8",
                "fb8d17128eabf4e4"
            ]
        ]
    },
    {
        "id": "c0e53d130c8df5a8",
        "type": "gate",
        "z": "b67b0c68cbd41a6c",
        "name": "",
        "controlTopic": "control",
        "defaultState": "closed",
        "openCmd": "open",
        "closeCmd": "close",
        "toggleCmd": "toggle",
        "defaultCmd": "default",
        "statusCmd": "status",
        "persist": false,
        "storeName": "memory",
        "x": 270,
        "y": 1140,
        "wires": [
            [
                "a717a0ce908bc79d"
            ]
        ]
    },
    {
        "id": "776d93171b4fdb55",
        "type": "switch",
        "z": "b67b0c68cbd41a6c",
        "name": "Response",
        "property": "payload",
        "propertyType": "msg",
        "rules": [
            {
                "t": "cont",
                "v": "Verified",
                "vt": "str"
            },
            {
                "t": "cont",
                "v": "Unknown",
                "vt": "str"
            }
        ],
        "checkall": "true",
        "repair": false,
        "outputs": 2,
        "x": 920,
        "y": 40,
        "wires": [
            [
                "cd08f01386ba3cf5"
            ],
            [
                "3db113d3f5ca1a11"
            ]
        ]
    },
    {
        "id": "b9652023d3e91676",
        "type": "inject",
        "z": "b67b0c68cbd41a6c",
        "name": "Send Msg",
        "props": [
            {
                "p": "payload"
            }
        ],
        "repeat": "",
        "crontab": "",
        "once": false,
        "onceDelay": 0.1,
        "topic": "",
        "payload": "1",
        "payloadType": "str",
        "x": 120,
        "y": 1100,
        "wires": [
            [
                "c0e53d130c8df5a8"
            ]
        ]
    },
    {
        "id": "70691fe8e7fcb1cc",
        "type": "trigger",
        "z": "b67b0c68cbd41a6c",
        "name": "Wait Alarm",
        "op1": "",
        "op2": "",
        "op1type": "nul",
        "op2type": "pay",
        "duration": "6",
        "extend": false,
        "overrideDelay": false,
        "units": "s",
        "reset": "",
        "bytopic": "all",
        "topic": "topic",
        "outputs": 1,
        "x": 1730,
        "y": 240,
        "wires": [
            [
                "30dfe1b061db65e4"
            ]
        ]
    },
    {
        "id": "cc616895d06ddce1",
        "type": "function",
        "z": "b67b0c68cbd41a6c",
        "name": "Prepare Alarm",
        "func": "msg.payload=\"Alarm Activating...\";\n\nreturn msg;",
        "outputs": 1,
        "timeout": "",
        "noerr": 0,
        "initialize": "",
        "finalize": "",
        "libs": [],
        "x": 1540,
        "y": 1340,
        "wires": [
            [
                "6201583249dbd729",
                "bf502217187bce3d"
            ]
        ]
    },
    {
        "id": "4fbf6f911e0ccaa8",
        "type": "trigger",
        "z": "b67b0c68cbd41a6c",
        "name": "Wait Alarm",
        "op1": "",
        "op2": "",
        "op1type": "nul",
        "op2type": "pay",
        "duration": "6",
        "extend": false,
        "overrideDelay": false,
        "units": "s",
        "reset": "",
        "bytopic": "all",
        "topic": "topic",
        "outputs": 1,
        "x": 1650,
        "y": 1380,
        "wires": [
            [
                "123d3297450deb7f"
            ]
        ]
    },
    {
        "id": "6201583249dbd729",
        "type": "gate",
        "z": "b67b0c68cbd41a6c",
        "name": "",
        "controlTopic": "control",
        "defaultState": "closed",
        "openCmd": "open",
        "closeCmd": "close",
        "toggleCmd": "toggle",
        "defaultCmd": "default",
        "statusCmd": "status",
        "persist": false,
        "storeName": "memory",
        "x": 1810,
        "y": 1340,
        "wires": [
            [
                "4a64ae7f89791cd3"
            ]
        ]
    },
    {
        "id": "bf502217187bce3d",
        "type": "function",
        "z": "b67b0c68cbd41a6c",
        "name": "Close Gate",
        "func": "msg.payload = \"close\";\nmsg.topic = \"control\";\nreturn msg;",
        "outputs": 1,
        "timeout": 0,
        "noerr": 0,
        "initialize": "",
        "finalize": "",
        "libs": [],
        "x": 1590,
        "y": 1360,
        "wires": [
            [
                "6201583249dbd729",
                "4fbf6f911e0ccaa8"
            ]
        ]
    },
    {
        "id": "123d3297450deb7f",
        "type": "function",
        "z": "b67b0c68cbd41a6c",
        "name": "Open Gate",
        "func": "msg.payload = \"open\";\nmsg.topic = \"control\";\nreturn msg;",
        "outputs": 1,
        "timeout": 0,
        "noerr": 0,
        "initialize": "",
        "finalize": "",
        "libs": [],
        "x": 1670,
        "y": 1400,
        "wires": [
            [
                "6201583249dbd729"
            ]
        ]
    },
    {
        "id": "4a64ae7f89791cd3",
        "type": "debug",
        "z": "b67b0c68cbd41a6c",
        "name": "Alarm",
        "active": true,
        "tosidebar": true,
        "console": false,
        "tostatus": false,
        "complete": "payload",
        "targetType": "msg",
        "statusVal": "",
        "statusType": "auto",
        "x": 1910,
        "y": 1340,
        "wires": []
    },
    {
        "id": "b3b62b64b9fff23c",
        "type": "debug",
        "z": "b67b0c68cbd41a6c",
        "name": "Turn On LED",
        "active": true,
        "tosidebar": true,
        "console": false,
        "tostatus": false,
        "complete": "payload",
        "targetType": "msg",
        "statusVal": "",
        "statusType": "auto",
        "x": 1910,
        "y": 380,
        "wires": []
    },
    {
        "id": "16532973766f9981",
        "type": "inject",
        "z": "b67b0c68cbd41a6c",
        "name": "Disable PIR",
        "props": [
            {
                "p": "payload"
            }
        ],
        "repeat": "",
        "crontab": "",
        "once": false,
        "onceDelay": 0.1,
        "topic": "",
        "payload": "0",
        "payloadType": "str",
        "x": 190,
        "y": 80,
        "wires": [
            [
                "abac808cf4d37daf"
            ]
        ]
    },
    {
        "id": "c166257a1d682492",
        "type": "function",
        "z": "b67b0c68cbd41a6c",
        "name": "Kill Camera",
        "func": "msg.kill = \"die\";\nreturn msg;",
        "outputs": 1,
        "timeout": "",
        "noerr": 0,
        "initialize": "",
        "finalize": "",
        "libs": [],
        "x": 430,
        "y": 120,
        "wires": [
            [
                "d2891f0a56c6efd4",
                "1548acce60c6e654"
            ]
        ]
    },
    {
        "id": "59999bafe936da28",
        "type": "ui_button",
        "z": "b67b0c68cbd41a6c",
        "name": "",
        "group": "c15b664687299b5e",
        "order": 3,
        "width": "1",
        "height": "1",
        "passthru": false,
        "label": "button",
        "tooltip": "",
        "color": "",
        "bgcolor": "",
        "className": "",
        "icon": "",
        "payload": "",
        "payloadType": "str",
        "topic": "topic",
        "topicType": "msg",
        "x": 330,
        "y": 1080,
        "wires": [
            []
        ]
    },
    {
        "id": "d2891f0a56c6efd4",
        "type": "exec",
        "z": "b67b0c68cbd41a6c",
        "command": "py -3.9",
        "addpay": "",
        "append": "C:\\Users\\User\\AppData\\Local\\Programs\\Python\\ciot\\tkauth.py",
        "useSpawn": "false",
        "timer": "",
        "winHide": false,
        "oldrc": false,
        "name": "Get verification",
        "x": 680,
        "y": 60,
        "wires": [
            [
                "776d93171b4fdb55",
                "065197e8b066e1a6"
            ],
            [],
            []
        ]
    },
    {
        "id": "1d1461f5d2079514",
        "type": "inject",
        "z": "b67b0c68cbd41a6c",
        "name": "Every 1 sec",
        "props": [
            {
                "p": "payload"
            },
            {
                "p": "topic",
                "vt": "str"
            }
        ],
        "repeat": "1",
        "crontab": "",
        "once": false,
        "onceDelay": 0.1,
        "topic": "1",
        "payload": "",
        "payloadType": "date",
        "x": 110,
        "y": 1140,
        "wires": [
            [
                "c0e53d130c8df5a8"
            ]
        ]
    },
    {
        "id": "b7f735e1340d1a14",
        "type": "trigger",
        "z": "b67b0c68cbd41a6c",
        "name": "Wait 5 seconds",
        "op1": "",
        "op2": "",
        "op1type": "pay",
        "op2type": "nul",
        "duration": "5",
        "extend": false,
        "overrideDelay": false,
        "units": "s",
        "reset": "",
        "bytopic": "all",
        "topic": "topic",
        "outputs": 1,
        "x": 860,
        "y": 1220,
        "wires": [
            [
                "27103fcb9b8bc47f"
            ]
        ]
    },
    {
        "id": "27103fcb9b8bc47f",
        "type": "debug",
        "z": "b67b0c68cbd41a6c",
        "name": "I can't see",
        "active": false,
        "tosidebar": true,
        "console": false,
        "tostatus": false,
        "complete": "payload",
        "targetType": "msg",
        "statusVal": "",
        "statusType": "auto",
        "x": 1000,
        "y": 1220,
        "wires": []
    },
    {
        "id": "4d07ea2b828fb01a",
        "type": "debug",
        "z": "b67b0c68cbd41a6c",
        "name": "I can't see",
        "active": true,
        "tosidebar": true,
        "console": false,
        "tostatus": false,
        "complete": "payload",
        "targetType": "msg",
        "statusVal": "",
        "statusType": "auto",
        "x": 860,
        "y": 1160,
        "wires": []
    },
    {
        "id": "3141491fc71fe374",
        "type": "function",
        "z": "b67b0c68cbd41a6c",
        "name": "Close once",
        "func": "msg.payload = \"close\";\nmsg.topic = \"control\";\nreturn msg;",
        "outputs": 1,
        "timeout": "",
        "noerr": 0,
        "initialize": "",
        "finalize": "",
        "libs": [],
        "x": 530,
        "y": 1100,
        "wires": [
            [
                "1606eb66fe862bf6"
            ]
        ]
    },
    {
        "id": "291803c8bbd1a37b",
        "type": "function",
        "z": "b67b0c68cbd41a6c",
        "name": "Prepare Message",
        "func": "msg.topic = undefined;\nmsg.payload = 1;\nreturn msg;",
        "outputs": 1,
        "timeout": "",
        "noerr": 0,
        "initialize": "",
        "finalize": "",
        "libs": [],
        "x": 710,
        "y": 1160,
        "wires": [
            [
                "4d07ea2b828fb01a"
            ]
        ]
    },
    {
        "id": "fb8d17128eabf4e4",
        "type": "function",
        "z": "b67b0c68cbd41a6c",
        "name": "Reset Once",
        "func": "msg.payload = \"open\";\nmsg.topic = \"control\";\nreturn msg;",
        "outputs": 1,
        "timeout": "",
        "noerr": 0,
        "initialize": "",
        "finalize": "",
        "libs": [],
        "x": 390,
        "y": 1200,
        "wires": [
            [
                "1606eb66fe862bf6"
            ]
        ]
    },
    {
        "id": "1606eb66fe862bf6",
        "type": "gate",
        "z": "b67b0c68cbd41a6c",
        "name": "Once",
        "controlTopic": "control",
        "defaultState": "closed",
        "openCmd": "open",
        "closeCmd": "close",
        "toggleCmd": "toggle",
        "defaultCmd": "default",
        "statusCmd": "status",
        "persist": false,
        "storeName": "memory",
        "x": 530,
        "y": 1200,
        "wires": [
            [
                "a5d77132db8e1fae",
                "291803c8bbd1a37b",
                "b7f735e1340d1a14",
                "3141491fc71fe374"
            ]
        ]
    },
    {
        "id": "a717a0ce908bc79d",
        "type": "function",
        "z": "b67b0c68cbd41a6c",
        "name": "msg",
        "func": "msg.payload = 1;\nmsg.topic = undefined;\nreturn msg;",
        "outputs": 1,
        "timeout": "",
        "noerr": 0,
        "initialize": "",
        "finalize": "",
        "libs": [],
        "x": 370,
        "y": 1140,
        "wires": [
            [
                "1606eb66fe862bf6"
            ]
        ]
    },
    {
        "id": "aad70b6784d38473",
        "type": "gate",
        "z": "b67b0c68cbd41a6c",
        "name": "",
        "controlTopic": "control",
        "defaultState": "closed",
        "openCmd": "open",
        "closeCmd": "close",
        "toggleCmd": "toggle",
        "defaultCmd": "default",
        "statusCmd": "status",
        "persist": true,
        "storeName": "memory",
        "x": 1170,
        "y": 60,
        "wires": [
            [
                "30a113021b6d580e"
            ]
        ]
    },
    {
        "id": "cd08f01386ba3cf5",
        "type": "function",
        "z": "b67b0c68cbd41a6c",
        "name": "Open",
        "func": "msg.payload = \"open\";\nmsg.topic = \"control\";\nreturn msg;",
        "outputs": 1,
        "timeout": "",
        "noerr": 0,
        "initialize": "",
        "finalize": "",
        "libs": [],
        "x": 1130,
        "y": 20,
        "wires": [
            [
                "aad70b6784d38473"
            ]
        ]
    },
    {
        "id": "f03be323aeba5bd3",
        "type": "trigger",
        "z": "b67b0c68cbd41a6c",
        "name": "Wait 2 secs",
        "op1": "",
        "op2": "",
        "op1type": "nul",
        "op2type": "pay",
        "duration": "2",
        "extend": false,
        "overrideDelay": false,
        "units": "s",
        "reset": "",
        "bytopic": "all",
        "topic": "topic",
        "outputs": 1,
        "x": 910,
        "y": 100,
        "wires": [
            [
                "aad70b6784d38473"
            ]
        ]
    },
    {
        "id": "30a113021b6d580e",
        "type": "gate",
        "z": "b67b0c68cbd41a6c",
        "name": "",
        "controlTopic": "control",
        "defaultState": "closed",
        "openCmd": "open",
        "closeCmd": "close",
        "toggleCmd": "toggle",
        "defaultCmd": "default",
        "statusCmd": "status",
        "persist": true,
        "storeName": "memory",
        "x": 1410,
        "y": 60,
        "wires": [
            [
                "b53c9c99f15d11d0",
                "ed1320f071a1190b"
            ]
        ]
    },
    {
        "id": "0cb742d1524b2956",
        "type": "function",
        "z": "b67b0c68cbd41a6c",
        "name": "Open",
        "func": "msg.payload = \"open\";\nmsg.topic = \"control\";\nreturn msg;",
        "outputs": 1,
        "timeout": "",
        "noerr": 0,
        "initialize": "",
        "finalize": "",
        "libs": [],
        "x": 1310,
        "y": 20,
        "wires": [
            [
                "30a113021b6d580e"
            ]
        ]
    },
    {
        "id": "ed1320f071a1190b",
        "type": "function",
        "z": "b67b0c68cbd41a6c",
        "name": "Close",
        "func": "msg.payload = \"close\";\nmsg.topic = \"control\";\nreturn msg;",
        "outputs": 1,
        "timeout": "",
        "noerr": 0,
        "initialize": "",
        "finalize": "",
        "libs": [],
        "x": 1270,
        "y": 100,
        "wires": [
            [
                "30a113021b6d580e",
                "aad70b6784d38473",
                "c166257a1d682492"
            ]
        ]
    },
    {
        "id": "065197e8b066e1a6",
        "type": "function",
        "z": "b67b0c68cbd41a6c",
        "name": "Send to MySQL",
        "func": "msg.topic=\"INSERT INTO sensors (sensor, value) values ('password', '\"+msg.payload+\"')\";\nreturn msg;",
        "outputs": 1,
        "timeout": "",
        "noerr": 0,
        "initialize": "",
        "finalize": "",
        "libs": [],
        "x": 1520,
        "y": 320,
        "wires": [
            [
                "e9833f1808711276"
            ]
        ]
    },
    {
        "id": "ad12a3067406930c",
        "type": "debug",
        "z": "b67b0c68cbd41a6c",
        "name": "Payload",
        "active": true,
        "tosidebar": true,
        "console": false,
        "tostatus": false,
        "complete": "payload",
        "targetType": "msg",
        "statusVal": "",
        "statusType": "auto",
        "x": 1060,
        "y": 420,
        "wires": []
    },
    {
        "id": "e9833f1808711276",
        "type": "trigger",
        "z": "b67b0c68cbd41a6c",
        "name": "Wait 5 seconds",
        "op1": "",
        "op2": "",
        "op1type": "pay",
        "op2type": "str",
        "duration": "20",
        "extend": false,
        "overrideDelay": false,
        "units": "s",
        "reset": "",
        "bytopic": "all",
        "topic": "topic",
        "outputs": 1,
        "x": 1700,
        "y": 320,
        "wires": [
            [
                "78b2a02b981f8ca9"
            ]
        ]
    },
    {
        "id": "9321b4db6fb1be66",
        "type": "exec",
        "z": "b67b0c68cbd41a6c",
        "command": "py -3.9",
        "addpay": "",
        "append": "C:\\Users\\User\\AppData\\Local\\Programs\\Python\\ciot\\delete_imgs.py",
        "useSpawn": "false",
        "timer": "",
        "winHide": false,
        "oldrc": false,
        "name": "Delete stored images (C:\\Users\\User)",
        "x": 290,
        "y": 600,
        "wires": [
            [
                "8dd65105c1c590fd"
            ],
            [],
            []
        ]
    },
    {
        "id": "09cf165d43706401",
        "type": "inject",
        "z": "b67b0c68cbd41a6c",
        "name": "Start",
        "props": [
            {
                "p": "payload"
            }
        ],
        "repeat": "",
        "crontab": "",
        "once": false,
        "onceDelay": 0.1,
        "topic": "",
        "payload": "1",
        "payloadType": "str",
        "x": 170,
        "y": 640,
        "wires": [
            [
                "9321b4db6fb1be66"
            ]
        ]
    },
    {
        "id": "8dd65105c1c590fd",
        "type": "debug",
        "z": "b67b0c68cbd41a6c",
        "name": "Debug",
        "active": true,
        "tosidebar": true,
        "console": true,
        "tostatus": true,
        "complete": "payload",
        "targetType": "msg",
        "statusVal": "payload",
        "statusType": "auto",
        "x": 400,
        "y": 640,
        "wires": []
    },
    {
        "id": "5b95f89bf773d46e",
        "type": "inject",
        "z": "b67b0c68cbd41a6c",
        "name": "Start",
        "props": [
            {
                "p": "payload"
            }
        ],
        "repeat": "",
        "crontab": "",
        "once": false,
        "onceDelay": 0.1,
        "topic": "",
        "payload": "1",
        "payloadType": "str",
        "x": 170,
        "y": 720,
        "wires": [
            [
                "6c9b33686cf675d2"
            ]
        ]
    },
    {
        "id": "c360633e8d18f9ab",
        "type": "mysql",
        "z": "b67b0c68cbd41a6c",
        "mydb": "2453f6a8c0a6977a",
        "name": "MySQL Database",
        "x": 410,
        "y": 680,
        "wires": [
            []
        ]
    },
    {
        "id": "6c9b33686cf675d2",
        "type": "function",
        "z": "b67b0c68cbd41a6c",
        "name": "Delete MySQL records",
        "func": "msg.topic =\"DELETE FROM sensors\";\nreturn msg;",
        "outputs": 1,
        "timeout": "",
        "noerr": 0,
        "initialize": "",
        "finalize": "",
        "libs": [],
        "x": 240,
        "y": 680,
        "wires": [
            [
                "c360633e8d18f9ab"
            ]
        ]
    },
    {
        "id": "2f7b5f0d2502e8c8",
        "type": "function",
        "z": "b67b0c68cbd41a6c",
        "name": "Door",
        "func": "msg.payload=\"Close Door\";\nreturn msg;",
        "outputs": 1,
        "timeout": "",
        "noerr": 0,
        "initialize": "",
        "finalize": "",
        "libs": [],
        "x": 1770,
        "y": 100,
        "wires": [
            [
                "40cd348ec5025097"
            ]
        ]
    },
    {
        "id": "40cd348ec5025097",
        "type": "debug",
        "z": "b67b0c68cbd41a6c",
        "name": "🚪",
        "active": true,
        "tosidebar": true,
        "console": false,
        "tostatus": false,
        "complete": "payload",
        "targetType": "msg",
        "statusVal": "",
        "statusType": "auto",
        "x": 1870,
        "y": 100,
        "wires": []
    },
    {
        "id": "b2ccc4f432a7bdd4",
        "type": "inject",
        "z": "b67b0c68cbd41a6c",
        "name": "Start",
        "props": [
            {
                "p": "payload"
            }
        ],
        "repeat": "",
        "crontab": "",
        "once": false,
        "onceDelay": 0.1,
        "topic": "",
        "payload": "1",
        "payloadType": "str",
        "x": 1670,
        "y": 100,
        "wires": [
            [
                "2f7b5f0d2502e8c8"
            ]
        ]
    },
    {
        "id": "3db113d3f5ca1a11",
        "type": "function",
        "z": "b67b0c68cbd41a6c",
        "name": "Prepare email",
        "func": "msg.topic=\"Intruder Alert\";\nmsg.payload=\"Wrong Password. Intruder has been detected @\"+new Date().toString();;\n\nreturn msg;",
        "outputs": 1,
        "timeout": "",
        "noerr": 0,
        "initialize": "",
        "finalize": "",
        "libs": [],
        "x": 1460,
        "y": 240,
        "wires": [
            [
                "70691fe8e7fcb1cc"
            ]
        ]
    },
    {
        "id": "0d441f92a17915a3",
        "type": "file in",
        "z": "b67b0c68cbd41a6c",
        "name": "",
        "filename": "payload",
        "filenameType": "msg",
        "format": "utf8",
        "chunk": false,
        "sendError": false,
        "encoding": "none",
        "allProps": false,
        "x": 1580,
        "y": 220,
        "wires": [
            []
        ]
    },
    {
        "id": "1c4c5aa910fb2c44",
        "type": "exec",
        "z": "b67b0c68cbd41a6c",
        "command": "py -3.9",
        "addpay": "",
        "append": "C:\\Users\\User\\AppData\\Local\\Programs\\Python\\ciot\\tksettings.py",
        "useSpawn": "false",
        "timer": "",
        "winHide": false,
        "oldrc": false,
        "name": "Get settings",
        "x": 290,
        "y": 520,
        "wires": [
            [
                "bf0d100e64067b6c"
            ],
            [],
            []
        ]
    },
    {
        "id": "34f4eaedcd63a937",
        "type": "inject",
        "z": "b67b0c68cbd41a6c",
        "name": "Start",
        "props": [
            {
                "p": "payload"
            }
        ],
        "repeat": "",
        "crontab": "",
        "once": false,
        "onceDelay": 0.1,
        "topic": "",
        "payload": "1",
        "payloadType": "str",
        "x": 150,
        "y": 520,
        "wires": [
            [
                "1c4c5aa910fb2c44"
            ]
        ]
    },
    {
        "id": "6a8ad6588611f246",
        "type": "debug",
        "z": "b67b0c68cbd41a6c",
        "name": "debug 1",
        "active": true,
        "tosidebar": true,
        "console": false,
        "tostatus": false,
        "complete": "payload",
        "targetType": "msg",
        "statusVal": "",
        "statusType": "auto",
        "x": 580,
        "y": 1560,
        "wires": []
    },
    {
        "id": "a6b90ef9ce16f278",
        "type": "http in",
        "z": "b67b0c68cbd41a6c",
        "name": "",
        "url": "/lights",
        "method": "post",
        "upload": true,
        "swaggerDoc": "",
        "x": 350,
        "y": 1620,
        "wires": [
            [
                "6a8ad6588611f246",
                "62e3699c3195d3ef"
            ]
        ]
    },
    {
        "id": "62e3699c3195d3ef",
        "type": "function",
        "z": "b67b0c68cbd41a6c",
        "name": "function 1",
        "func": "// Assuming msg.payload is an object like { light_status: \"0\" }\nvar lightStatusString = msg.payload.light_status;\n\n// Convert the string to an integer\nvar lightStatusInt = parseInt(lightStatusString, 10);\n\n// Update msg.payload with the extracted integer value\nmsg.payload = lightStatusInt;\n\nreturn msg;",
        "outputs": 1,
        "timeout": 0,
        "noerr": 0,
        "initialize": "",
        "finalize": "",
        "libs": [],
        "x": 580,
        "y": 1640,
        "wires": [
            []
        ]
    },
    {
        "id": "6144b66f4e013b68",
        "type": "json",
        "z": "b67b0c68cbd41a6c",
        "name": "Convert to json",
        "property": "payload",
        "action": "",
        "pretty": false,
        "x": 860,
        "y": 1620,
        "wires": [
            []
        ]
    },
    {
        "id": "324e174d99fa1fe0",
        "type": "inject",
        "z": "b67b0c68cbd41a6c",
        "name": "Start camera (old)",
        "props": [
            {
                "p": "payload"
            },
            {
                "p": "topic",
                "vt": "str"
            }
        ],
        "repeat": "",
        "crontab": "",
        "once": false,
        "onceDelay": 0.1,
        "topic": "",
        "payload": "",
        "payloadType": "date",
        "x": 950,
        "y": 780,
        "wires": [
            [
                "1e08c4aa724aa94a"
            ]
        ]
    },
    {
        "id": "1548acce60c6e654",
        "type": "exec",
        "z": "b67b0c68cbd41a6c",
        "command": "py -3.9",
        "addpay": "",
        "append": "C:\\Users\\User\\AppData\\Local\\Programs\\Python\\ciot\\ciot_detect_v2.py",
        "useSpawn": "true",
        "timer": "",
        "winHide": false,
        "oldrc": false,
        "name": "Run Detector/Camera 2",
        "x": 510,
        "y": 240,
        "wires": [
            [
                "f03be323aeba5bd3",
                "f1b64aaaf6e971de",
                "ad12a3067406930c"
            ],
            [],
            []
        ]
    },
    {
        "id": "bf0d100e64067b6c",
        "type": "function",
        "z": "b67b0c68cbd41a6c",
        "name": "Door",
        "func": "var temp = msg.payload;\nmsg.payload=JSON.parse(temp);\nreturn msg;",
        "outputs": 1,
        "timeout": "",
        "noerr": 0,
        "initialize": "",
        "finalize": "",
        "libs": [],
        "x": 410,
        "y": 520,
        "wires": [
            [
                "30e81d456f53cd73"
            ]
        ]
    },
    {
        "id": "30e81d456f53cd73",
        "type": "debug",
        "z": "b67b0c68cbd41a6c",
        "name": "Debug2",
        "active": true,
        "tosidebar": true,
        "console": false,
        "tostatus": false,
        "complete": "payload",
        "targetType": "msg",
        "statusVal": "",
        "statusType": "auto",
        "x": 520,
        "y": 520,
        "wires": []
    },
    {
        "id": "13ec21e991bde88a",
        "type": "inject",
        "z": "b67b0c68cbd41a6c",
        "name": "Start",
        "props": [
            {
                "p": "payload"
            }
        ],
        "repeat": "",
        "crontab": "",
        "once": false,
        "onceDelay": 0.1,
        "topic": "",
        "payload": "1",
        "payloadType": "str",
        "x": 190,
        "y": 820,
        "wires": [
            [
                "a7c25996f44b041c"
            ]
        ]
    },
    {
        "id": "0b54ec5241a2ad1f",
        "type": "debug",
        "z": "b67b0c68cbd41a6c",
        "name": "Debug",
        "active": true,
        "tosidebar": true,
        "console": true,
        "tostatus": true,
        "complete": "payload",
        "targetType": "msg",
        "statusVal": "payload",
        "statusType": "auto",
        "x": 460,
        "y": 780,
        "wires": []
    },
    {
        "id": "a7c25996f44b041c",
        "type": "exec",
        "z": "b67b0c68cbd41a6c",
        "command": "py -3.9",
        "addpay": "",
        "append": "C:\\Users\\User\\AppData\\Local\\Programs\\Python\\ciot\\register.py",
        "useSpawn": "true",
        "timer": "",
        "winHide": false,
        "oldrc": false,
        "name": "Register",
        "x": 320,
        "y": 800,
        "wires": [
            [
                "0b54ec5241a2ad1f"
            ],
            [],
            []
        ]
    },
    {
        "id": "37975207b619beb0",
        "type": "function",
        "z": "b67b0c68cbd41a6c",
        "name": "known",
        "func": "return msg;",
        "outputs": 1,
        "timeout": "",
        "noerr": 0,
        "initialize": "",
        "finalize": "",
        "libs": [],
        "x": 1010,
        "y": 200,
        "wires": [
            [
                "e6a62a5d747c6944",
                "25dc29accc4d999a"
            ]
        ]
    },
    {
        "id": "414f16db9876b248",
        "type": "function",
        "z": "b67b0c68cbd41a6c",
        "name": "unknown",
        "func": "return msg;",
        "outputs": 1,
        "timeout": "",
        "noerr": 0,
        "initialize": "",
        "finalize": "",
        "libs": [],
        "x": 1020,
        "y": 240,
        "wires": [
            [
                "25dc29accc4d999a",
                "e6a62a5d747c6944"
            ]
        ]
    }
]