[
{"type":"header","version":"5.2.1","comment":"Export to JSON plugin for PHPMyAdmin"},
{"type":"database","name":"ep0403"},
{"type":"table","name":"sensors","database":"ep0403","data":
[
{"datetime":"2024-02-16 08:17:38","sensor":"camera","value":"Unknown\r\n"},
{"datetime":"2024-02-16 08:17:58","sensor":"camera","value":"Unknown\r\n"},
{"datetime":"2024-02-16 08:17:58","sensor":"camera","value":"Unknown\r\n"},
{"datetime":"2024-02-16 08:18:18","sensor":"camera","value":"Unknown\r\n"},
{"datetime":"2024-02-16 08:18:18","sensor":"camera","value":"Unknown\r\n"},
{"datetime":"2024-02-16 08:18:38","sensor":"camera","value":"Unknown\r\n"},
{"datetime":"2024-02-16 09:06:21","sensor":"camera","value":"Unknown\r\n"},
{"datetime":"2024-02-16 09:06:31","sensor":"password","value":"Verified\r\n"},
{"datetime":"2024-02-16 09:06:41","sensor":"camera","value":"Unknown\r\n"},
{"datetime":"2024-02-16 09:06:51","sensor":"password","value":"Verified\r\n"},
{"datetime":"2024-02-16 09:06:59","sensor":"camera","value":"Unknown\r\n"},
{"datetime":"2024-02-16 09:07:02","sensor":"password","value":"Unknown\r\n"},
{"datetime":"2024-02-16 09:07:19","sensor":"camera","value":"Unknown\r\n"},
{"datetime":"2024-02-16 09:07:19","sensor":"camera","value":"Unknown\r\n"},
{"datetime":"2024-02-16 09:07:22","sensor":"password","value":"Unknown\r\n"},
{"datetime":"2024-02-16 09:07:39","sensor":"camera","value":"Unknown\r\n"},
{"datetime":"2024-02-16 09:07:39","sensor":"camera","value":"Unknown\r\n"},
{"datetime":"2024-02-16 09:07:59","sensor":"camera","value":"Unknown\r\n"},
{"datetime":"2024-02-16 09:07:59","sensor":"camera","value":"Unknown\r\n"},
{"datetime":"2024-02-16 09:08:19","sensor":"camera","value":"Unknown\r\n"},
{"datetime":"2024-02-16 09:08:19","sensor":"camera","value":"Unknown\r\n"},
{"datetime":"2024-02-16 09:08:39","sensor":"camera","value":"Unknown\r\n"},
{"datetime":"2024-02-16 09:08:41","sensor":"camera","value":"Unknown\r\n"},
{"datetime":"2024-02-16 09:09:01","sensor":"camera","value":"Unknown\r\n"},
{"datetime":"2024-02-16 09:09:01","sensor":"camera","value":"Unknown\r\n"},
{"datetime":"2024-02-16 09:41:20","sensor":"camera","value":"unknown\r\n"},
{"datetime":"2024-02-16 09:41:40","sensor":"camera","value":"unknown\r\n"},
{"datetime":"2024-02-16 09:41:46","sensor":"camera","value":"unknown\r\n"},
{"datetime":"2024-02-16 09:44:41","sensor":"camera","value":"unknown\r\n"},
{"datetime":"2024-02-16 09:45:01","sensor":"camera","value":"unknown\r\n"},
{"datetime":"2024-02-16 09:45:33","sensor":"password","value":"Verified\r\n"},
{"datetime":"2024-02-16 09:45:43","sensor":"camera","value":"unknown\r\n"},
{"datetime":"2024-02-16 09:45:53","sensor":"password","value":"Verified\r\n"},
{"datetime":"2024-02-16 09:46:03","sensor":"camera","value":"unknown\r\n"},
{"datetime":"2024-02-16 09:46:10","sensor":"camera","value":"unknown\r\n"},
{"datetime":"2024-02-16 09:47:04","sensor":"password","value":"Verified\r\n"},
{"datetime":"2024-02-16 09:47:24","sensor":"password","value":"Verified\r\n"},
{"datetime":"2024-02-16 09:47:43","sensor":"camera","value":"unknown\r\n"},
{"datetime":"2024-02-16 09:48:18","sensor":"camera","value":"unknown\r\n"},
{"datetime":"2024-02-16 09:48:27","sensor":"password","value":"Verified\r\n"},
{"datetime":"2024-02-16 09:48:38","sensor":"camera","value":"unknown\r\n"},
{"datetime":"2024-02-16 09:48:47","sensor":"password","value":"Verified\r\n"},
{"datetime":"2024-02-16 09:49:21","sensor":"camera","value":"kimberly"},
{"datetime":"2024-02-16 09:49:41","sensor":"camera","value":"kimberly"},
{"datetime":"2024-02-16 09:49:41","sensor":"password","value":"Verified\r\n"},
{"datetime":"2024-02-16 09:49:42","sensor":"camera","value":"kimberly\r\n"},
{"datetime":"2024-02-16 09:50:01","sensor":"password","value":"Verified\r\n"},
{"datetime":"2024-02-16 09:50:02","sensor":"camera","value":"kimberly\r\n"},
{"datetime":"2024-02-16 09:50:03","sensor":"camera","value":"kimberly\r\n"},
{"datetime":"2024-02-16 09:50:23","sensor":"camera","value":"kimberly\r\n"},
{"datetime":"2024-02-16 09:50:23","sensor":"camera","value":"kimberly\r\n"},
{"datetime":"2024-02-16 09:50:43","sensor":"camera","value":"kimberly\r\n"},
{"datetime":"2024-02-16 09:50:44","sensor":"camera","value":"kimberly\r\n"},
{"datetime":"2024-02-16 09:50:52","sensor":"camera","value":"Unknown"},
{"datetime":"2024-02-16 09:51:12","sensor":"camera","value":"Unknown"},
{"datetime":"2024-02-16 09:53:46","sensor":"camera","value":"kimberly\r\n"},
{"datetime":"2024-02-16 09:54:06","sensor":"camera","value":"kimberly\r\n"},
{"datetime":"2024-02-16 09:54:07","sensor":"camera","value":"kimberly\r\n"},
{"datetime":"2024-02-16 09:54:08","sensor":"password","value":"Unknown\r\n"},
{"datetime":"2024-02-16 09:54:27","sensor":"camera","value":"kimberly\r\n"},
{"datetime":"2024-02-16 09:54:28","sensor":"camera","value":"kimberly\r\n"},
{"datetime":"2024-02-16 09:54:28","sensor":"password","value":"Unknown\r\n"},
{"datetime":"2024-02-16 09:54:48","sensor":"camera","value":"kimberly\r\n"},
{"datetime":"2024-02-16 09:54:49","sensor":"camera","value":"kimberly\r\n"},
{"datetime":"2024-02-16 09:55:09","sensor":"camera","value":"kimberly\r\n"},
{"datetime":"2024-02-16 09:55:10","sensor":"camera","value":"kimberly\r\n"},
{"datetime":"2024-02-16 09:59:28","sensor":"camera","value":"kimberly\r\n"},
{"datetime":"2024-02-16 09:59:48","sensor":"camera","value":"kimberly\r\n"},
{"datetime":"2024-02-16 09:59:48","sensor":"camera","value":"unknown (failed)\r\n"},
{"datetime":"2024-02-16 10:00:08","sensor":"camera","value":"unknown (failed)\r\n"},
{"datetime":"2024-02-16 10:02:22","sensor":"camera","value":"rushh\r\n"},
{"datetime":"2024-02-16 10:02:42","sensor":"camera","value":"rushh\r\n"},
{"datetime":"2024-02-16 10:02:43","sensor":"camera","value":"rushh\r\n"},
{"datetime":"2024-02-16 10:03:03","sensor":"camera","value":"rushh\r\n"},
{"datetime":"2024-02-16 10:03:03","sensor":"camera","value":"rushh\r\n"},
{"datetime":"2024-02-16 10:03:23","sensor":"camera","value":"rushh\r\n"},
{"datetime":"2024-02-16 10:03:24","sensor":"camera","value":"kimberly\r\n"},
{"datetime":"2024-02-16 10:03:44","sensor":"camera","value":"kimberly\r\n"},
{"datetime":"2024-02-16 10:03:44","sensor":"camera","value":"unknown_16_02_2024-10_03_27\r\n"},
{"datetime":"2024-02-16 10:04:04","sensor":"camera","value":"unknown_16_02_2024-10_03_27\r\n"},
{"datetime":"2024-02-16 10:08:37","sensor":"camera","value":"kimberly\r\n"},
{"datetime":"2024-02-16 10:08:47","sensor":"password","value":"Unknown\r\n"},
{"datetime":"2024-02-16 10:08:57","sensor":"camera","value":"kimberly\r\n"},
{"datetime":"2024-02-16 10:09:07","sensor":"password","value":"Unknown\r\n"},
{"datetime":"2024-02-16 10:09:15","sensor":"camera","value":"unknown_16_02_2024-10_08_39\r\n"},
{"datetime":"2024-02-16 10:09:35","sensor":"camera","value":"unknown_16_02_2024-10_08_39\r\n"},
{"datetime":"2024-02-16 10:10:47","sensor":"camera","value":"unknown_16_02_2024-10_08_39\r\n"},
{"datetime":"2024-02-16 10:11:07","sensor":"camera","value":"unknown_16_02_2024-10_08_39\r\n"},
{"datetime":"2024-02-16 10:12:07","sensor":"camera","value":"kimberly\r\n"},
{"datetime":"2024-02-16 10:12:27","sensor":"camera","value":"kimberly\r\n"},
{"datetime":"2024-02-16 10:13:07","sensor":"camera","value":"kimberly\r\n"},
{"datetime":"2024-02-16 10:13:27","sensor":"camera","value":"kimberly\r\n"},
{"datetime":"2024-02-16 10:14:04","sensor":"camera","value":"kimberly"},
{"datetime":"2024-02-16 10:14:24","sensor":"camera","value":"kimberly"},
{"datetime":"2024-02-16 10:15:11","sensor":"camera","value":"kimberly\r\n"},
{"datetime":"2024-02-16 10:15:31","sensor":"camera","value":"kimberly\r\n"},
{"datetime":"2024-02-16 10:15:31","sensor":"camera","value":"unknown_16_02_2024-10_03_04\r\n"},
{"datetime":"2024-02-16 10:15:51","sensor":"camera","value":"unknown_16_02_2024-10_03_04\r\n"},
{"datetime":"2024-02-16 10:15:51","sensor":"camera","value":"kimberly\r\n"},
{"datetime":"2024-02-16 10:16:11","sensor":"camera","value":"kimberly\r\n"},
{"datetime":"2024-02-16 10:16:23","sensor":"camera","value":"rushh\r\n"},
{"datetime":"2024-02-16 10:16:43","sensor":"camera","value":"rushh\r\n"},
{"datetime":"2024-02-16 10:16:43","sensor":"camera","value":"kimberly\r\n"},
{"datetime":"2024-02-16 10:17:03","sensor":"camera","value":"kimberly\r\n"},
{"datetime":"2024-02-16 10:17:03","sensor":"camera","value":"kimberly\r\n"},
{"datetime":"2024-02-16 10:17:23","sensor":"camera","value":"kimberly\r\n"},
{"datetime":"2024-02-16 10:17:24","sensor":"camera","value":"rushh\r\n"},
{"datetime":"2024-02-16 10:17:44","sensor":"camera","value":"rushh\r\n"},
{"datetime":"2024-02-16 10:17:45","sensor":"camera","value":"kimberly\r\n"},
{"datetime":"2024-02-16 10:18:05","sensor":"camera","value":"kimberly\r\n"},
{"datetime":"2024-02-16 10:18:10","sensor":"camera","value":"kimberly\r\n"},
{"datetime":"2024-02-16 10:18:30","sensor":"camera","value":"kimberly\r\n"},
{"datetime":"2024-02-16 10:18:58","sensor":"camera","value":"rushh\r\n"},
{"datetime":"2024-02-16 10:19:18","sensor":"camera","value":"rushh\r\n"},
{"datetime":"2024-02-16 10:19:25","sensor":"camera","value":"kimberly\r\n"},
{"datetime":"2024-02-16 10:19:45","sensor":"camera","value":"kimberly\r\n"},
{"datetime":"2024-02-16 10:20:02","sensor":"camera","value":"kimberly\r\n"},
{"datetime":"2024-02-16 10:20:22","sensor":"camera","value":"kimberly\r\n"},
{"datetime":"2024-02-16 10:20:24","sensor":"camera","value":"rushh\r\n"},
{"datetime":"2024-02-16 10:20:44","sensor":"camera","value":"rushh\r\n"},
{"datetime":"2024-02-16 10:20:45","sensor":"camera","value":"kimberly\r\n"},
{"datetime":"2024-02-16 10:21:05","sensor":"camera","value":"kimberly\r\n"},
{"datetime":"2024-02-16 10:21:05","sensor":"camera","value":"kimberly\r\n"},
{"datetime":"2024-02-16 10:21:25","sensor":"camera","value":"kimberly\r\n"},
{"datetime":"2024-02-16 10:21:26","sensor":"camera","value":"unknown_16_02_2024-10_03_04\r\n"},
{"datetime":"2024-02-16 10:21:46","sensor":"camera","value":"unknown_16_02_2024-10_03_04\r\n"},
{"datetime":"2024-02-16 10:21:46","sensor":"camera","value":"kimberly\r\n"},
{"datetime":"2024-02-16 10:22:06","sensor":"camera","value":"kimberly\r\n"},
{"datetime":"2024-02-16 10:22:07","sensor":"camera","value":"kimberly\r\n"},
{"datetime":"2024-02-16 10:22:27","sensor":"camera","value":"kimberly\r\n"},
{"datetime":"2024-02-16 10:22:28","sensor":"camera","value":"kimberly\r\n"},
{"datetime":"2024-02-16 10:22:48","sensor":"camera","value":"kimberly\r\n"},
{"datetime":"2024-02-16 10:24:10","sensor":"camera","value":"kimberly\r\n"},
{"datetime":"2024-02-16 10:24:30","sensor":"camera","value":"kimberly\r\n"},
{"datetime":"2024-02-16 10:25:34","sensor":"camera","value":"unknown_16_02_2024-10_17_28\r\n"},
{"datetime":"2024-02-16 10:25:54","sensor":"camera","value":"unknown_16_02_2024-10_17_28\r\n"},
{"datetime":"2024-02-16 10:25:54","sensor":"camera","value":"unknown_16_02_2024-10_17_28\r\n"},
{"datetime":"2024-02-16 10:26:14","sensor":"camera","value":"unknown_16_02_2024-10_17_28\r\n"},
{"datetime":"2024-02-16 10:26:14","sensor":"camera","value":"unknown_16_02_2024-10_22_15\r\n"},
{"datetime":"2024-02-16 10:26:34","sensor":"camera","value":"unknown_16_02_2024-10_22_15\r\n"},
{"datetime":"2024-02-16 10:26:34","sensor":"camera","value":"unknown (failed)\r\n"},
{"datetime":"2024-02-16 10:26:54","sensor":"camera","value":"unknown (failed)\r\n"},
{"datetime":"2024-02-16 10:26:54","sensor":"camera","value":"unknown (failed)\r\n"},
{"datetime":"2024-02-16 10:27:14","sensor":"camera","value":"unknown (failed)\r\n"},
{"datetime":"2024-02-16 10:27:14","sensor":"camera","value":"unknown (failed)\r\n"},
{"datetime":"2024-02-16 10:27:34","sensor":"camera","value":"unknown (failed)\r\n"},
{"datetime":"2024-02-16 10:27:41","sensor":"password","value":"Unknown\r\n"},
{"datetime":"2024-02-16 10:28:01","sensor":"password","value":"Unknown\r\n"},
{"datetime":"2024-02-16 10:28:16","sensor":"camera","value":"unknown_16_02_2024-10_22_15\r\n"},
{"datetime":"2024-02-16 10:28:36","sensor":"camera","value":"unknown_16_02_2024-10_22_15\r\n"},
{"datetime":"2024-02-16 10:28:37","sensor":"camera","value":"kimberly\r\n"},
{"datetime":"2024-02-16 10:28:56","sensor":"password","value":"Unknown\r\n"},
{"datetime":"2024-02-16 10:28:57","sensor":"camera","value":"kimberly\r\n"},
{"datetime":"2024-02-16 10:28:57","sensor":"camera","value":"kimberly\r\n"},
{"datetime":"2024-02-16 10:29:16","sensor":"password","value":"Unknown\r\n"},
{"datetime":"2024-02-16 10:29:17","sensor":"camera","value":"kimberly\r\n"},
{"datetime":"2024-02-16 10:29:17","sensor":"camera","value":"unknown_16_02_2024-10_28_39\r\n"},
{"datetime":"2024-02-16 10:29:33","sensor":"password","value":"Verified\r\n"},
{"datetime":"2024-02-16 10:29:37","sensor":"camera","value":"unknown_16_02_2024-10_28_39\r\n"},
{"datetime":"2024-02-16 10:29:53","sensor":"password","value":"Verified\r\n"},
{"datetime":"2024-02-16 10:31:27","sensor":"camera","value":"steve\r\n"},
{"datetime":"2024-02-16 10:31:47","sensor":"camera","value":"steve\r\n"},
{"datetime":"2024-02-16 10:31:48","sensor":"camera","value":"kimberly\r\n"},
{"datetime":"2024-02-16 10:32:08","sensor":"camera","value":"kimberly\r\n"},
{"datetime":"2024-02-16 10:32:08","sensor":"camera","value":"rushh\r\n"},
{"datetime":"2024-02-16 10:32:28","sensor":"camera","value":"rushh\r\n"},
{"datetime":"2024-02-16 10:35:57","sensor":"password","value":"Unknown\r\n"}
]
}
]
